dstport,protocol,tag,
25,tcp,sv_P1,
68,udp,sv_P2,
23,tcp,sv_P3,
31,udp,sv_P4,
443,tcp,sv_P5,
22,tcp,sv_P5,
3389,tcp,sv_P5,
110,tcp,sv_P3,
993,tcp,email,
143,tcp,email,
0,icmp,email,
571,icmp,sv_P3,
225,icmp,sv_P5,
286,icmp,email,
837,icmp,sv_P2,
279,icmp,sv_P4,
389,udp,sv_P2,
724,tcp,sv_P4,
647,tcp,sv_P5,
34,tcp,sv_P2,
685,tcp,sv_P1,
950,icmp,sv_P3,
407,udp,sv_P2,
347,tcp,email,
221,udp,email,
466,udp,sv_P3,
319,tcp,sv_P4,
584,icmp,sv_P5,
213,tcp,sv_P1,
511,tcp,sv_P4,
188,tcp,sv_P3,
971,icmp,sv_P1,
638,udp,sv_P3,
42,tcp,sv_P3,
672,udp,sv_P3,
989,icmp,email,
405,udp,sv_P5,
727,tcp,email,
542,tcp,sv_P5,
238,tcp,sv_P1,
490,tcp,email,
616,icmp,sv_P3,
730,udp,email,
631,tcp,sv_P3,
968,udp,sv_P1,
190,udp,email,
982,tcp,sv_P3,
905,udp,sv_P3,
849,tcp,email,
557,icmp,sv_P3,
99,udp,sv_P2,
85,udp,sv_P3,
552,tcp,sv_P1,
216,icmp,sv_P3,
957,icmp,sv_P2,
889,udp,sv_P3,
752,tcp,sv_P2,
900,tcp,sv_P3,
311,tcp,sv_P4,
745,icmp,sv_P3,
125,udp,sv_P1,
708,icmp,sv_P4,
206,icmp,sv_P3,
234,udp,email,
139,tcp,sv_P2,
548,udp,email,
822,tcp,sv_P3,
250,tcp,sv_P4,
551,udp,sv_P3,
137,icmp,sv_P1,
249,tcp,sv_P3,
1007,tcp,sv_P5,
27,udp,sv_P2,
47,tcp,sv_P2,
749,tcp,sv_P1,
744,tcp,sv_P4,
454,icmp,sv_P2,
830,udp,sv_P3,
135,icmp,sv_P4,
518,icmp,sv_P1,
822,udp,sv_P2,
204,udp,sv_P4,
636,tcp,sv_P1,
834,tcp,sv_P5,
633,icmp,sv_P4,
449,tcp,sv_P2,
440,udp,sv_P5,
816,udp,sv_P3,
379,tcp,sv_P5,
781,icmp,sv_P2,
441,icmp,sv_P3,
102,icmp,sv_P2,
986,icmp,sv_P3,
874,udp,sv_P2,
722,udp,sv_P3,
209,udp,sv_P2,
364,udp,sv_P1,
547,tcp,email,
760,icmp,sv_P4,
716,icmp,sv_P5,
708,tcp,sv_P3,
425,udp,email,
608,tcp,sv_P5,
366,icmp,sv_P4,
556,icmp,email,
689,icmp,sv_P4,
795,udp,email,
440,tcp,sv_P5,
130,tcp,sv_P5,
115,udp,email,
356,tcp,sv_P2,
196,udp,sv_P4,
943,icmp,sv_P4,
733,tcp,sv_P1,
692,udp,sv_P1,
761,tcp,sv_P3,
518,tcp,sv_P4,
434,tcp,sv_P1,
797,udp,email,
697,tcp,email,
873,icmp,sv_P5,
772,icmp,sv_P3,
352,icmp,sv_P2,
310,tcp,sv_P1,
353,icmp,sv_P3,
389,icmp,sv_P5,
170,icmp,sv_P1,
582,udp,sv_P1,
1010,udp,sv_P3,
397,tcp,sv_P5,
757,icmp,sv_P2,
265,icmp,sv_P1,
613,udp,sv_P1,
181,udp,sv_P1,
288,tcp,sv_P1,
164,icmp,sv_P3,
769,icmp,sv_P1,
82,icmp,sv_P1,
655,udp,sv_P5,
377,icmp,sv_P2,
259,tcp,sv_P2,
991,icmp,sv_P2,
820,icmp,sv_P5,
716,tcp,sv_P4,
713,tcp,sv_P1,
447,tcp,sv_P1,
317,tcp,sv_P4,
655,tcp,sv_P4,
232,icmp,email,
307,tcp,email,
40,tcp,sv_P5,
761,icmp,sv_P1,
80,udp,email,
363,tcp,email,
222,icmp,email,
446,udp,sv_P5,
649,tcp,sv_P3,
245,udp,sv_P4,
374,udp,sv_P5,
650,udp,sv_P2,
45,udp,email,
656,tcp,sv_P2,
994,icmp,email,
623,tcp,sv_P3,
1014,udp,sv_P5,
907,tcp,sv_P2,
266,tcp,sv_P1,
378,udp,sv_P4,
850,tcp,sv_P1,
561,tcp,sv_P4,
153,udp,sv_P4,
500,icmp,sv_P1,
810,udp,sv_P3,
359,tcp,sv_P5,
286,udp,sv_P5,
989,udp,sv_P3,
474,icmp,sv_P5,
173,tcp,sv_P5,
791,udp,sv_P2,
506,tcp,email,
420,tcp,sv_P2,
263,udp,sv_P2,
203,icmp,sv_P5,
595,udp,sv_P2,
343,icmp,email,
838,tcp,sv_P2,
295,icmp,sv_P4,
344,udp,sv_P5,
340,tcp,email,
400,tcp,sv_P2,
517,tcp,email,
246,udp,sv_P4,
105,icmp,sv_P1,
290,tcp,sv_P2,
431,udp,email,
549,tcp,sv_P2,
233,udp,sv_P4,
498,udp,sv_P2,
244,udp,sv_P1,
70,udp,sv_P4,
233,tcp,email,
651,icmp,email,
219,icmp,email,
992,tcp,sv_P4,
649,udp,sv_P5,
428,icmp,sv_P4,
380,icmp,sv_P2,
910,udp,sv_P5,
930,tcp,sv_P4,
265,tcp,sv_P5,
707,tcp,sv_P1,
269,icmp,sv_P5,
793,tcp,sv_P3,
707,udp,sv_P2,
653,tcp,sv_P2,
267,tcp,sv_P2,
167,icmp,sv_P1,
568,icmp,sv_P2,
95,tcp,sv_P4,
507,tcp,sv_P1,
901,icmp,sv_P2,
404,udp,sv_P3,
180,udp,sv_P1,
681,udp,sv_P2,
255,udp,sv_P4,
239,tcp,sv_P3,
83,udp,sv_P3,
113,tcp,sv_P4,
51,tcp,sv_P1,
203,tcp,sv_P2,
525,tcp,sv_P2,
243,udp,sv_P3,
728,icmp,sv_P4,
555,icmp,sv_P1,
117,udp,sv_P1,
864,udp,sv_P4,
310,udp,sv_P4,
521,icmp,sv_P1,
333,icmp,sv_P4,
540,tcp,sv_P2,
1002,udp,sv_P3,
372,tcp,sv_P2,
266,udp,sv_P1,
337,udp,sv_P2,
352,tcp,sv_P3,
314,tcp,email,
54,udp,sv_P5,
335,icmp,sv_P4,
200,icmp,sv_P3,
419,tcp,sv_P3,
928,udp,sv_P4,
450,tcp,sv_P2,
563,icmp,email,
987,icmp,sv_P4,
256,udp,sv_P1,
593,udp,sv_P2,
466,icmp,sv_P4,
79,icmp,sv_P5,
137,udp,sv_P1,
414,tcp,sv_P3,
640,udp,sv_P4,
373,icmp,sv_P3,
64,icmp,sv_P5,
881,udp,sv_P4,
139,icmp,sv_P1,
598,tcp,sv_P5,
303,udp,sv_P1,
576,udp,sv_P3,
380,tcp,sv_P5,
63,tcp,sv_P3,
261,icmp,sv_P1,
822,icmp,sv_P5,
757,tcp,sv_P1,
236,udp,sv_P1,
641,tcp,sv_P1,
528,udp,sv_P5,
439,tcp,sv_P5,
408,icmp,sv_P3,
30,udp,sv_P1,
405,icmp,email,
625,icmp,sv_P2,
675,tcp,sv_P2,
404,icmp,sv_P4,
661,icmp,email,
285,icmp,sv_P4,
159,udp,sv_P5,
771,icmp,sv_P5,
960,udp,sv_P3,
484,icmp,email,
312,udp,sv_P4,
917,tcp,sv_P4,
719,udp,sv_P5,
293,icmp,sv_P2,
230,icmp,sv_P5,
781,tcp,sv_P1,
338,udp,sv_P2,
629,icmp,email,
794,tcp,sv_P4,
272,tcp,sv_P2,
827,udp,sv_P5,
694,tcp,sv_P4,
243,tcp,sv_P1,
157,tcp,sv_P4,
872,icmp,email,
834,icmp,sv_P3,
683,icmp,email,
574,udp,sv_P3,
845,udp,sv_P5,
111,icmp,sv_P3,
60,udp,sv_P3,
55,udp,sv_P5,
795,tcp,sv_P1,
330,icmp,sv_P4,
960,icmp,sv_P4,
78,udp,email,
525,icmp,sv_P4,
223,tcp,sv_P5,
318,icmp,sv_P1,
231,icmp,sv_P5,
177,tcp,sv_P2,
165,icmp,sv_P3,
426,icmp,sv_P4,
197,tcp,email,
277,udp,sv_P4,
432,tcp,sv_P3,
832,icmp,sv_P5,
862,tcp,sv_P4,
589,icmp,sv_P2,
45,icmp,email,
124,tcp,email,
107,icmp,sv_P5,
997,tcp,sv_P3,
909,icmp,sv_P1,
816,tcp,sv_P4,
212,icmp,email,
148,icmp,sv_P2,
898,udp,sv_P5,
62,udp,sv_P4,
480,tcp,sv_P1,
684,udp,sv_P5,
771,tcp,sv_P4,
309,tcp,sv_P1,
789,udp,sv_P4,
699,icmp,sv_P3,
330,udp,sv_P1,
481,icmp,sv_P1,
603,tcp,sv_P5,
437,udp,sv_P1,
324,icmp,sv_P1,
54,tcp,email,
663,tcp,sv_P3,
444,udp,email,
294,tcp,sv_P5,
891,tcp,sv_P3,
725,tcp,sv_P1,
276,icmp,sv_P3,
207,icmp,sv_P3,
52,icmp,sv_P5,
844,tcp,email,
30,icmp,email,
766,udp,sv_P2,
901,tcp,email,
467,udp,sv_P4,
900,udp,sv_P3,
593,tcp,email,
662,udp,sv_P4,
215,udp,sv_P1,
372,icmp,sv_P4,
269,tcp,sv_P3,
708,udp,sv_P2,
855,udp,sv_P2,
578,tcp,sv_P1,
463,tcp,sv_P4,
902,icmp,sv_P3,
65,icmp,sv_P4,
1001,icmp,sv_P3,
840,tcp,sv_P1,
284,icmp,sv_P3,
711,tcp,sv_P1,
519,udp,sv_P3,
53,icmp,sv_P4,
359,icmp,sv_P4,
1012,tcp,sv_P2,
762,tcp,sv_P5,
80,tcp,sv_P1,
248,tcp,sv_P1,
36,tcp,sv_P1,
368,udp,sv_P5,
675,udp,sv_P2,
680,tcp,sv_P3,
84,tcp,sv_P1,
714,icmp,sv_P3,
791,tcp,sv_P4,
1008,udp,sv_P5,
596,udp,email,
324,udp,sv_P3,
289,icmp,sv_P4,
995,icmp,sv_P5,
342,udp,sv_P2,
286,tcp,sv_P5,
165,tcp,sv_P3,
675,icmp,sv_P4,
619,udp,sv_P1,
492,icmp,sv_P3,
132,icmp,sv_P3,
122,icmp,email,
978,udp,sv_P2,
915,icmp,sv_P4,
537,icmp,sv_P4,
455,tcp,sv_P4,
355,tcp,sv_P2,
25,icmp,email,
565,udp,sv_P3,
723,udp,sv_P2,
460,udp,sv_P3,
393,udp,sv_P2,
36,udp,sv_P4,
815,udp,sv_P2,
797,icmp,email,
477,icmp,sv_P3,
156,tcp,sv_P2,
67,udp,sv_P2,
628,tcp,sv_P1,
178,tcp,email,
82,tcp,sv_P4,
87,udp,sv_P4,
530,tcp,email,
540,icmp,sv_P5,
880,icmp,sv_P1,
448,tcp,sv_P1,
750,udp,sv_P3,
605,udp,sv_P3,
363,udp,sv_P4,
939,tcp,sv_P2,
238,udp,sv_P4,
445,tcp,sv_P1,
57,icmp,sv_P2,
910,icmp,sv_P5,
515,tcp,email,
610,udp,sv_P5,
615,udp,sv_P3,
748,tcp,sv_P1,
305,tcp,sv_P1,
627,udp,sv_P1,
451,udp,email,
504,udp,sv_P3,
92,icmp,sv_P3,
361,icmp,sv_P2,
273,icmp,sv_P4,
275,tcp,sv_P2,
409,udp,sv_P4,
234,tcp,sv_P2,
876,icmp,sv_P5,
1022,icmp,sv_P4,
160,icmp,sv_P2,
275,icmp,sv_P4,
375,icmp,sv_P3,
194,udp,email,
330,tcp,sv_P3,
946,udp,sv_P2,
812,tcp,email,
885,icmp,sv_P3,
20,udp,sv_P1,
195,tcp,sv_P5,
509,tcp,email,
348,udp,sv_P4,
553,udp,sv_P5,
334,icmp,sv_P2,
438,tcp,sv_P3,
544,icmp,sv_P3,
296,udp,sv_P3,
638,tcp,sv_P2,
54,icmp,sv_P5,
590,tcp,sv_P3,
616,tcp,sv_P1,
538,tcp,email,
600,icmp,sv_P2,
79,udp,sv_P1,
1011,udp,sv_P3,
551,icmp,sv_P3,
736,tcp,email,
1014,tcp,sv_P5,
488,tcp,sv_P5,
320,tcp,sv_P2,
666,udp,email,
619,icmp,sv_P5,
298,icmp,sv_P5,
178,icmp,sv_P4,
49,icmp,email,
379,icmp,sv_P3,
409,tcp,sv_P3,
783,udp,sv_P1,
716,udp,sv_P2,
342,icmp,sv_P1,
1021,icmp,sv_P1,
557,udp,sv_P2,
532,icmp,sv_P4,
626,udp,sv_P3,
987,udp,email,
58,udp,sv_P5,
860,tcp,sv_P4,
849,icmp,sv_P1,
961,tcp,sv_P3,
32,icmp,sv_P4,
601,tcp,sv_P2,
814,udp,sv_P5,
827,tcp,sv_P2,
689,udp,sv_P2,
303,tcp,sv_P2,
592,tcp,sv_P2,
942,tcp,sv_P5,
539,tcp,sv_P3,
687,tcp,email,
743,udp,sv_P2,
717,tcp,email,
100,udp,sv_P1,
863,icmp,sv_P5,
285,tcp,sv_P5,
259,icmp,sv_P5,
22,icmp,sv_P5,
270,tcp,sv_P4,
306,icmp,email,
41,icmp,sv_P5,
44,icmp,sv_P2,
646,udp,sv_P2,
767,udp,sv_P1,
1021,tcp,sv_P2,
858,tcp,sv_P5,
55,tcp,sv_P4,
572,icmp,sv_P5,
1015,icmp,sv_P1,
624,icmp,email,
821,tcp,sv_P1,
340,udp,sv_P2,
169,tcp,sv_P4,
125,icmp,sv_P4,
630,tcp,sv_P3,
332,icmp,email,
643,icmp,sv_P2,
891,icmp,sv_P3,
909,tcp,sv_P5,
211,udp,sv_P4,
376,icmp,sv_P3,
720,tcp,sv_P2,
355,icmp,sv_P3,
482,tcp,email,
799,udp,sv_P5,
299,tcp,email,
221,icmp,sv_P2,
972,udp,sv_P3,
207,tcp,sv_P4,
525,udp,sv_P5,
696,udp,sv_P4,
134,tcp,email,
676,icmp,email,
291,tcp,sv_P5,
297,udp,sv_P2,
718,icmp,sv_P1,
298,udp,email,
763,udp,sv_P4,
874,icmp,sv_P3,
700,udp,sv_P5,
555,tcp,sv_P5,
628,icmp,sv_P1,
91,icmp,sv_P4,
927,udp,sv_P5,
367,udp,sv_P1,
483,icmp,sv_P1,
678,tcp,sv_P1,
167,udp,email,
654,udp,sv_P4,
430,udp,email,
135,udp,sv_P1,
961,icmp,sv_P2,
218,icmp,sv_P2,
760,udp,sv_P2,
295,tcp,sv_P1,
216,udp,sv_P2,
253,icmp,email,
28,udp,sv_P2,
673,tcp,sv_P5,
626,icmp,sv_P4,
147,tcp,sv_P3,
576,icmp,sv_P3,
631,udp,sv_P4,
81,tcp,sv_P3,
536,udp,sv_P3,
424,udp,email,
198,udp,sv_P4,
836,udp,sv_P4,
990,udp,sv_P4,
886,tcp,sv_P5,
736,icmp,email,
945,udp,sv_P4,
388,tcp,sv_P4,
382,icmp,sv_P3,
916,udp,sv_P1,
924,icmp,sv_P2,
273,tcp,sv_P5,
555,udp,sv_P4,
444,tcp,sv_P5,
77,udp,sv_P2,
879,icmp,sv_P1,
563,udp,sv_P5,
645,tcp,sv_P4,
192,tcp,sv_P2,
38,udp,sv_P4,
403,udp,sv_P2,
504,icmp,sv_P2,
312,icmp,sv_P5,
510,icmp,sv_P1,
517,udp,sv_P3,
879,tcp,sv_P3,
162,icmp,sv_P1,
695,icmp,email,
105,udp,sv_P1,
954,tcp,email,
643,udp,sv_P1,
127,icmp,sv_P3,
739,udp,sv_P5,
515,udp,sv_P3,
88,icmp,sv_P3,
390,udp,sv_P1,
487,tcp,email,
96,icmp,sv_P4,
88,tcp,sv_P3,
817,icmp,sv_P5,
379,udp,sv_P2,
550,tcp,sv_P2,
23,icmp,sv_P5,
609,udp,sv_P1,
214,udp,sv_P1,
907,icmp,email,
291,udp,sv_P2,
845,icmp,sv_P2,
804,udp,sv_P2,
198,icmp,sv_P5,
220,udp,sv_P3,
895,udp,sv_P4,
489,icmp,sv_P4,
155,tcp,sv_P2,
141,udp,sv_P4,
413,tcp,sv_P4,
670,icmp,sv_P1,
838,icmp,sv_P4,
457,udp,sv_P3,
593,icmp,sv_P4,
921,udp,sv_P3,
338,icmp,email,
390,icmp,sv_P3,
749,icmp,sv_P3,
411,tcp,sv_P3,
660,tcp,sv_P1,
320,icmp,sv_P2,
747,icmp,sv_P4,
570,tcp,sv_P5,
254,tcp,sv_P1,
22,tcp,sv_P4,
210,tcp,sv_P5,
392,tcp,sv_P2,
47,udp,sv_P2,
416,icmp,sv_P1,
348,tcp,sv_P2,
278,udp,sv_P4,
164,tcp,email,
818,icmp,email,
602,tcp,sv_P1,
501,tcp,sv_P4,
70,icmp,sv_P5,
652,tcp,sv_P1,
345,udp,sv_P5,
679,icmp,email,
410,tcp,sv_P3,
149,icmp,sv_P3,
833,tcp,sv_P2,
192,icmp,sv_P1,
429,tcp,sv_P2,
543,icmp,sv_P4,
747,tcp,sv_P3,
516,udp,sv_P2,
304,udp,sv_P1,
985,icmp,sv_P2,
769,udp,sv_P1,
256,tcp,sv_P4,
103,icmp,sv_P4,
953,udp,sv_P1,
1016,udp,sv_P4,
612,udp,email,
206,udp,sv_P4,
140,udp,sv_P2,
779,icmp,sv_P2,
32,udp,sv_P5,
365,tcp,sv_P4,
391,icmp,sv_P2,
807,udp,email,
644,icmp,email,
474,udp,sv_P2,
918,udp,sv_P2,
765,icmp,sv_P3,
839,icmp,sv_P1,
131,tcp,email,
821,icmp,sv_P1,
341,icmp,sv_P3,
434,udp,sv_P5,
267,udp,sv_P2,
131,icmp,sv_P5,
644,tcp,sv_P2,
599,udp,email,
825,tcp,sv_P1,
705,udp,sv_P5,
912,tcp,sv_P3,
877,udp,sv_P1,
497,icmp,sv_P3,
896,tcp,sv_P2,
699,udp,sv_P4,
576,tcp,sv_P5,
662,icmp,sv_P3,
984,tcp,sv_P5,
1018,tcp,email,
544,udp,sv_P1,
787,icmp,sv_P5,
412,udp,email,
313,tcp,sv_P2,
756,tcp,sv_P1,
580,tcp,email,
676,tcp,sv_P1,
212,udp,sv_P4,
121,icmp,sv_P3,
817,tcp,sv_P4,
59,tcp,sv_P1,
339,icmp,sv_P1,
371,udp,sv_P5,
994,udp,sv_P3,
858,icmp,sv_P3,
991,udp,sv_P3,
428,tcp,sv_P1,
999,udp,email,
487,icmp,email,
845,tcp,sv_P2,
245,icmp,sv_P1,
63,icmp,email,
68,icmp,sv_P1,
174,tcp,sv_P1,
343,tcp,email,
796,udp,sv_P5,
361,tcp,sv_P4,
535,icmp,sv_P3,
354,udp,sv_P3,
389,tcp,email,
915,tcp,sv_P2,
508,udp,sv_P5,
413,udp,sv_P1,
502,udp,sv_P5,
378,icmp,sv_P2,
878,icmp,sv_P3,
642,icmp,sv_P5,
904,tcp,sv_P3,
50,udp,sv_P1,
587,udp,sv_P4,
713,udp,sv_P2,
441,udp,sv_P2,
321,tcp,sv_P5,
418,icmp,sv_P4,
252,udp,sv_P2,
623,udp,sv_P2,
21,icmp,sv_P5,
701,tcp,sv_P1,
251,icmp,sv_P3,
218,tcp,sv_P3,
775,tcp,sv_P5,
382,udp,sv_P1,
97,udp,sv_P5,
93,udp,email,
408,tcp,sv_P5,
131,udp,sv_P4,
770,udp,sv_P3,
977,udp,sv_P2,
271,icmp,email,
793,udp,sv_P2,
643,tcp,sv_P4,
417,icmp,sv_P3,
799,tcp,sv_P2,
426,udp,sv_P3,
121,tcp,sv_P3,
700,icmp,sv_P1,
671,udp,email,
101,icmp,sv_P2,
809,tcp,sv_P4,
875,tcp,sv_P2,
106,icmp,sv_P2,
414,icmp,sv_P4,
857,udp,sv_P4,
245,tcp,email,
425,icmp,sv_P5,
635,icmp,sv_P3,
916,tcp,sv_P1,
244,icmp,sv_P1,
187,udp,email,
294,udp,sv_P3,
888,tcp,sv_P2,
876,udp,email,
142,udp,sv_P1,
788,udp,sv_P1,
632,tcp,email,
789,icmp,sv_P1,
912,icmp,sv_P1,
980,icmp,sv_P4,
599,icmp,sv_P1,
686,udp,sv_P3,
814,icmp,sv_P1,
929,udp,sv_P5,
569,tcp,email,
489,tcp,sv_P1,
278,icmp,sv_P4,
1013,tcp,sv_P5,
844,udp,sv_P2,
251,tcp,email,
702,icmp,sv_P4,
554,udp,sv_P1,
459,udp,sv_P5,
1001,udp,sv_P4,
826,tcp,sv_P2,
386,icmp,sv_P5,
542,udp,email,
42,icmp,sv_P2,
934,udp,sv_P2,
922,udp,sv_P3,
327,tcp,sv_P4,
498,tcp,email,
190,tcp,email,
953,icmp,sv_P5,
296,tcp,sv_P1,
491,tcp,email,
34,icmp,sv_P2,
689,tcp,sv_P1,
659,icmp,sv_P2,
642,udp,email,
773,tcp,sv_P1,
132,tcp,email,
976,icmp,sv_P1,
57,tcp,sv_P3,
193,tcp,sv_P5,
663,udp,sv_P1,
554,icmp,sv_P2,
864,tcp,sv_P5,
851,udp,sv_P4,
568,udp,sv_P2,
304,tcp,sv_P3,
51,udp,sv_P1,
487,udp,sv_P4,
743,icmp,email,
935,tcp,sv_P4,
602,icmp,sv_P2,
253,udp,sv_P1,
634,udp,sv_P4,
622,tcp,sv_P5,
1018,udp,sv_P3,
90,tcp,sv_P1,
841,icmp,sv_P2,
893,icmp,sv_P1,
559,icmp,sv_P4,
848,icmp,sv_P4,
670,udp,sv_P2,
37,icmp,email,
287,udp,sv_P3,
943,udp,sv_P4,
127,tcp,email,
255,tcp,sv_P1,
933,icmp,sv_P4,
929,icmp,sv_P4,
158,udp,sv_P2,
863,tcp,sv_P5,
1017,icmp,sv_P4,
97,tcp,sv_P5,
642,tcp,email,
472,icmp,sv_P1,
679,udp,sv_P3,
866,udp,email,
617,tcp,sv_P3,
193,udp,sv_P1,
934,tcp,sv_P4,
123,icmp,sv_P3,
470,icmp,sv_P4,
993,udp,sv_P1,
48,udp,email,
164,udp,sv_P1,
33,tcp,sv_P3,
755,tcp,sv_P1,
601,icmp,sv_P4,
998,tcp,sv_P2,
665,icmp,email,
967,tcp,email,
181,tcp,email,
755,icmp,sv_P4,
863,udp,sv_P5,
145,udp,sv_P3,
1005,icmp,sv_P5,
270,icmp,sv_P3,
561,icmp,sv_P1,
715,udp,sv_P5,
25,udp,email,
562,tcp,email,
670,tcp,sv_P5,
365,udp,sv_P2,
538,udp,sv_P2,
436,udp,email,
262,udp,sv_P1,
433,icmp,email,
335,udp,sv_P4,
370,udp,sv_P1,
810,icmp,email,
587,icmp,email,
933,tcp,sv_P1,
968,icmp,sv_P1,
1015,tcp,sv_P5,
859,udp,email,
232,udp,sv_P4,
737,icmp,sv_P1,
680,udp,sv_P3,
944,icmp,sv_P4,
391,tcp,sv_P3,
885,tcp,sv_P5,
961,udp,sv_P4,
565,icmp,sv_P4,
143,udp,sv_P4,
751,udp,email,
669,tcp,sv_P3,
508,tcp,email,
468,icmp,sv_P2,
103,udp,sv_P2,
819,udp,sv_P5,
927,tcp,sv_P3,
954,icmp,sv_P1,
1019,tcp,sv_P2,
683,udp,sv_P5,
513,icmp,sv_P4,
975,udp,sv_P1,
847,tcp,email,
63,udp,sv_P2,
995,udp,sv_P5,
613,icmp,sv_P5,
174,icmp,sv_P1,
152,tcp,sv_P2,
560,icmp,email,
747,udp,sv_P4,
412,icmp,email,
49,udp,sv_P4,
418,udp,email,
513,tcp,sv_P3,
940,udp,sv_P3,
83,icmp,email,
391,udp,sv_P2,
188,udp,email,
959,icmp,sv_P4,
903,tcp,email,
134,icmp,email,
952,tcp,email,
585,udp,sv_P5,
176,tcp,sv_P5,
141,tcp,sv_P2,
911,udp,email,
734,tcp,email,
118,icmp,email,
384,udp,sv_P2,
867,icmp,sv_P5,
893,tcp,sv_P2,
522,icmp,sv_P4,
547,icmp,sv_P3,
844,icmp,email,
785,icmp,sv_P2,
785,tcp,sv_P5,
975,icmp,sv_P3,
318,udp,sv_P2,
865,udp,sv_P2,
679,tcp,email,
119,icmp,sv_P2,
932,udp,sv_P5,
55,icmp,sv_P5,
994,tcp,sv_P3,
575,udp,sv_P2,
354,icmp,sv_P1,
664,tcp,sv_P2,
398,udp,email,
343,udp,sv_P5,
222,udp,email,
176,icmp,sv_P5,
667,udp,sv_P2,
214,icmp,sv_P1,
530,icmp,sv_P1,
794,udp,sv_P5,
166,udp,sv_P4,
577,tcp,sv_P2,
1023,udp,sv_P2,
526,udp,sv_P5,
226,icmp,sv_P2,
964,tcp,sv_P2,
1016,icmp,sv_P4,
364,tcp,sv_P5,
1014,icmp,sv_P4,
116,udp,sv_P4,
367,icmp,email,
227,tcp,sv_P4,
677,icmp,sv_P4,
322,udp,email,
800,icmp,sv_P1,
552,udp,sv_P1,
621,tcp,sv_P2,
988,udp,sv_P3,
847,icmp,sv_P3,
641,icmp,sv_P1,
906,tcp,sv_P5,
72,udp,sv_P1,
765,udp,sv_P1,
534,icmp,sv_P5,
758,udp,sv_P2,
1022,udp,email,
628,udp,email,
937,tcp,sv_P4,
325,icmp,email,
305,icmp,sv_P4,
890,icmp,email,
859,tcp,sv_P1,
313,udp,sv_P1,
544,tcp,email,
784,icmp,email,
583,udp,email,
584,udp,sv_P1,
715,tcp,sv_P5,
197,udp,sv_P5,
582,tcp,email,
443,icmp,email,
451,icmp,sv_P3,
944,udp,sv_P2,
21,tcp,sv_P5,
310,icmp,sv_P4,
186,udp,sv_P2,
1017,tcp,email,
52,tcp,sv_P5,
402,udp,sv_P1,
524,icmp,sv_P5,
467,icmp,sv_P4,
369,icmp,sv_P5,
766,tcp,sv_P2,
39,icmp,sv_P5,
897,udp,sv_P1,
106,udp,sv_P3,
1007,udp,sv_P1,
1012,udp,sv_P3,
260,icmp,email,
767,tcp,email,
472,tcp,sv_P2,
745,tcp,email,
129,tcp,sv_P2,
571,tcp,sv_P2,
48,icmp,sv_P5,
203,udp,sv_P2,
339,tcp,sv_P4,
913,icmp,sv_P5,
163,tcp,sv_P1,
93,tcp,email,
249,udp,sv_P4,
345,icmp,sv_P4,
431,tcp,sv_P3,
881,icmp,email,
328,icmp,sv_P1,
68,tcp,sv_P2,
204,icmp,sv_P5,
92,tcp,sv_P4,
947,udp,email,
791,icmp,sv_P5,
290,udp,sv_P2,
610,tcp,sv_P5,
401,icmp,sv_P4,
396,icmp,email,
738,tcp,email,
856,tcp,sv_P4,
853,udp,sv_P5,
811,icmp,sv_P5,
820,tcp,sv_P5,
773,icmp,sv_P3,
89,icmp,sv_P4,
986,udp,sv_P3,
160,tcp,sv_P4,
992,icmp,sv_P3,
329,tcp,sv_P1,
570,udp,sv_P1,
825,udp,sv_P5,
1002,tcp,sv_P4,
125,tcp,email,
406,icmp,sv_P3,
75,udp,sv_P4,
113,udp,sv_P5,
713,icmp,sv_P2,
119,udp,sv_P3,
910,tcp,sv_P5,
87,tcp,sv_P5,
511,icmp,sv_P2,
503,udp,sv_P1,
163,udp,sv_P5,
780,tcp,sv_P1,
191,tcp,email,
685,icmp,sv_P2,
682,tcp,sv_P4,
314,icmp,sv_P2,
855,tcp,sv_P2,
465,udp,sv_P2,
674,tcp,sv_P5,
300,icmp,sv_P4,
172,tcp,sv_P4,
35,tcp,sv_P1,
777,icmp,sv_P4,
90,icmp,sv_P1,
781,udp,sv_P1,
466,tcp,sv_P4,
223,udp,sv_P1,
209,icmp,email,
933,udp,email,
33,icmp,sv_P3,
917,icmp,sv_P5,
564,tcp,sv_P1,
597,icmp,sv_P2,
349,icmp,sv_P4,
723,icmp,sv_P5,
709,icmp,sv_P2,
911,icmp,sv_P2,
567,icmp,email,
807,tcp,sv_P5,
996,udp,sv_P1,
143,tcp,sv_P2,
862,icmp,sv_P5,
36,icmp,sv_P3,
744,udp,sv_P4,
519,tcp,sv_P3,
742,udp,sv_P1,
776,udp,sv_P5,
843,udp,sv_P2,
44,udp,sv_P3,
329,udp,sv_P1,
929,tcp,email,
956,icmp,email,
315,icmp,sv_P1,
228,udp,sv_P2,
243,icmp,sv_P5,
732,udp,sv_P4,
283,udp,sv_P1,
965,icmp,sv_P5,
408,udp,sv_P1,
971,udp,sv_P3,
433,tcp,sv_P4,
383,icmp,sv_P3,
394,udp,sv_P3,
109,udp,sv_P3,
572,tcp,sv_P3,
299,udp,sv_P2,
96,udp,sv_P1,
500,tcp,sv_P2,
51,icmp,sv_P2,
456,udp,sv_P4,
477,tcp,sv_P5,
569,icmp,sv_P1,
785,udp,sv_P2,
970,tcp,sv_P4,
636,udp,sv_P4,
923,tcp,sv_P2,
687,icmp,sv_P2,
1000,udp,sv_P3,
678,icmp,sv_P3,
917,udp,sv_P4,
711,udp,sv_P4,
503,tcp,sv_P5,
959,tcp,sv_P1,
812,udp,sv_P1,
723,tcp,email,
197,icmp,sv_P3,
905,icmp,sv_P4,
250,icmp,sv_P4,
825,icmp,sv_P1,
769,tcp,email,
148,udp,sv_P5,
939,udp,sv_P5,
498,icmp,sv_P5,
639,udp,sv_P2,
23,udp,sv_P1,
1008,tcp,sv_P4,
244,tcp,sv_P1,
268,tcp,sv_P5,
69,udp,email,
800,tcp,sv_P4,
269,udp,sv_P4,
529,udp,sv_P2,
526,tcp,sv_P1,
732,icmp,sv_P2,
703,icmp,sv_P1,
264,udp,email,
65,udp,sv_P4,
267,icmp,sv_P5,
112,udp,sv_P4,
89,udp,sv_P5,
128,tcp,email,
333,udp,sv_P3,
937,udp,sv_P1,
965,tcp,sv_P1,
763,tcp,sv_P5,
504,tcp,sv_P4,
216,tcp,sv_P5,
589,tcp,sv_P5,
236,icmp,sv_P1,
406,udp,sv_P2,
334,tcp,sv_P3,
537,udp,sv_P5,
625,udp,sv_P5,
652,icmp,sv_P3,
635,udp,sv_P2,
258,tcp,sv_P3,
924,udp,sv_P3,
247,udp,email,
385,icmp,email,
953,tcp,email,
247,tcp,sv_P1,
281,udp,email,
850,udp,sv_P4,
469,icmp,sv_P5,
357,tcp,sv_P3,
381,icmp,sv_P3,
901,udp,email,
830,tcp,sv_P5,
946,tcp,sv_P2,
728,udp,sv_P3,
24,udp,sv_P2,
341,udp,email,
417,udp,sv_P1,
303,icmp,sv_P1,
648,icmp,sv_P3,
760,tcp,email,
627,icmp,email,
455,udp,sv_P2,
686,icmp,sv_P2,
224,udp,sv_P2,
873,udp,sv_P2,
567,tcp,email,
922,tcp,email,
887,tcp,sv_P3,
931,icmp,sv_P2,
69,tcp,sv_P2,
1006,tcp,sv_P5,
430,tcp,sv_P3,
996,icmp,sv_P4,
67,tcp,sv_P1,
237,tcp,sv_P5,
356,udp,sv_P3,
790,tcp,sv_P3,
227,icmp,sv_P1,
421,icmp,sv_P1,
494,icmp,email,
469,tcp,sv_P1,
721,udp,sv_P3,
685,udp,sv_P1,
947,icmp,sv_P3,
797,tcp,sv_P3,
764,icmp,sv_P5,
274,tcp,sv_P3,
754,udp,sv_P2,
846,udp,sv_P3,
656,udp,sv_P1,
332,tcp,sv_P1,
110,icmp,sv_P5,
219,udp,sv_P1,
409,icmp,sv_P3,
395,icmp,email,
179,udp,sv_P4,
373,tcp,sv_P5,
156,icmp,email,
94,tcp,sv_P2,
152,udp,sv_P4,
400,icmp,sv_P4,
826,icmp,sv_P2,
750,icmp,email,
727,icmp,email,
786,udp,sv_P5,
981,udp,sv_P2,
247,icmp,sv_P1,
759,icmp,sv_P4,
205,tcp,sv_P2,
58,tcp,sv_P1,
983,tcp,sv_P4,
172,icmp,sv_P2,
1011,icmp,sv_P3,
741,icmp,sv_P3,
839,tcp,email,
903,icmp,sv_P2,
81,icmp,sv_P4,
173,icmp,sv_P2,
782,udp,email,
411,udp,sv_P2,
254,icmp,sv_P3,
871,udp,email,
538,icmp,sv_P2,
486,icmp,sv_P4,
814,tcp,sv_P2,
454,udp,email,
21,udp,sv_P5,
86,udp,sv_P2,
493,icmp,email,
490,icmp,sv_P4,
265,udp,sv_P4,
536,tcp,email,
632,icmp,sv_P5,
361,udp,sv_P4,
161,udp,sv_P4,
134,udp,sv_P3,
337,icmp,email,
70,tcp,sv_P2,
202,tcp,sv_P5,
829,udp,sv_P1,
60,tcp,sv_P5,
34,udp,sv_P5,
812,icmp,sv_P3,
725,icmp,email,
779,udp,email,
480,udp,sv_P4,
150,tcp,email,
202,udp,sv_P5,
240,tcp,sv_P5,
657,udp,sv_P2,
722,icmp,sv_P3,
194,icmp,sv_P1,
754,tcp,email,
697,udp,sv_P1,
72,tcp,sv_P1,
951,udp,email,
1004,icmp,sv_P1,
309,udp,sv_P3,
464,udp,sv_P3,
313,icmp,sv_P2,
646,icmp,sv_P1,
246,tcp,email,
443,tcp,sv_P3,
796,icmp,sv_P2,
972,icmp,sv_P5,
838,udp,sv_P1,
258,udp,sv_P5,
460,icmp,sv_P1,
1007,icmp,sv_P3,
905,tcp,email,
554,tcp,email,
1016,tcp,email,
674,icmp,sv_P3,
982,udp,sv_P5,
794,icmp,sv_P2,
133,tcp,sv_P5,
441,tcp,sv_P4,
599,tcp,email,
95,udp,sv_P3,
78,tcp,email,
584,tcp,sv_P1,
668,icmp,sv_P1,
358,icmp,sv_P2,
958,tcp,sv_P3,
20,tcp,sv_P3,
531,tcp,sv_P4,
1001,tcp,sv_P1,
622,udp,sv_P3,
737,udp,sv_P1,
729,udp,sv_P3,
847,udp,email,
756,udp,sv_P1,
971,tcp,email,
780,icmp,sv_P1,
481,udp,sv_P1,
746,tcp,email,
600,tcp,sv_P2,
522,udp,sv_P5,
292,icmp,sv_P2,
730,tcp,sv_P5,
462,udp,sv_P2,
654,tcp,sv_P2,
517,icmp,sv_P3,
952,icmp,email,
966,tcp,sv_P5,
988,icmp,sv_P2,
726,tcp,sv_P3,
744,icmp,sv_P3,
444,icmp,sv_P1,
94,udp,sv_P4,
906,udp,sv_P5,
962,tcp,sv_P5,
653,udp,sv_P3,
922,icmp,sv_P3,
271,udp,email,
368,icmp,sv_P2,
662,tcp,sv_P2,
948,udp,email,
648,tcp,sv_P5,
153,tcp,email,
112,icmp,sv_P2,
194,tcp,sv_P2,
319,icmp,sv_P2,
684,icmp,sv_P4,
45,tcp,sv_P5,
215,icmp,sv_P3,
770,tcp,sv_P1,
894,tcp,sv_P5,
883,icmp,sv_P2,
749,udp,sv_P4,
22,udp,email,
843,icmp,email,
608,udp,sv_P5,
853,icmp,sv_P4,
423,tcp,sv_P1,
50,tcp,sv_P2,
531,icmp,sv_P1,
740,tcp,sv_P3,
232,tcp,sv_P3,
861,icmp,sv_P3,
930,icmp,sv_P2,
262,icmp,email,
623,icmp,sv_P1,
272,udp,sv_P5,
704,tcp,sv_P3,
614,udp,sv_P2,
186,tcp,sv_P4,
274,icmp,sv_P3,
740,icmp,email,
171,icmp,sv_P5,
678,udp,sv_P2,
574,tcp,email,
233,icmp,email,
40,udp,sv_P1,
199,udp,sv_P1,
71,udp,sv_P1,
840,icmp,sv_P4,
639,icmp,sv_P2,
993,tcp,sv_P1,
645,udp,sv_P5,
925,tcp,email,
1005,tcp,sv_P5,
309,icmp,sv_P1,
453,udp,sv_P3,
356,icmp,sv_P3,
619,tcp,sv_P5,
612,icmp,sv_P2,
185,udp,email,
724,icmp,sv_P2,
999,tcp,sv_P5,
495,udp,sv_P3,
400,udp,email,
377,tcp,email,
918,icmp,email,
523,tcp,sv_P4,
694,udp,sv_P1,
714,udp,email,
829,tcp,sv_P5,
111,udp,sv_P4,
925,icmp,email,
656,icmp,sv_P4,
558,udp,email,
588,tcp,sv_P4,
733,udp,sv_P4,
90,udp,sv_P5,
240,udp,sv_P1,
835,tcp,sv_P4,
874,tcp,sv_P4,
682,udp,sv_P1,
909,udp,sv_P3,
71,tcp,sv_P1,
868,udp,sv_P2,
1009,udp,email,
315,tcp,sv_P2,
177,icmp,sv_P2,
455,icmp,sv_P4,
524,tcp,sv_P4,
200,udp,sv_P4,
556,udp,email,
790,icmp,sv_P1,
475,icmp,sv_P1,
333,tcp,email,
363,icmp,sv_P3,
916,icmp,email,
897,icmp,email,
435,udp,email,
869,tcp,sv_P3,
416,tcp,sv_P4,
841,udp,email,
661,tcp,sv_P2,
706,icmp,sv_P4,
82,udp,sv_P3,
568,tcp,sv_P3,
658,tcp,sv_P4,
95,icmp,sv_P3,
852,icmp,sv_P3,
996,tcp,sv_P3,
851,icmp,sv_P4,
776,tcp,sv_P1,
116,icmp,sv_P2,
122,tcp,sv_P1,
861,tcp,sv_P4,
476,udp,email,
511,udp,sv_P4,
1008,icmp,sv_P2,
927,icmp,sv_P2,
369,udp,sv_P1,
682,icmp,sv_P4,
393,tcp,sv_P3,
983,icmp,sv_P4,
765,tcp,sv_P5,
719,tcp,sv_P1,
539,udp,sv_P1,
28,icmp,sv_P1,
449,udp,sv_P3,
976,udp,sv_P5,
138,icmp,sv_P2,
949,tcp,email,
512,udp,email,
382,tcp,sv_P4,
179,tcp,sv_P3,
648,udp,sv_P1,
196,tcp,sv_P4,
31,icmp,sv_P2,
26,tcp,sv_P2,
411,icmp,sv_P5,
706,udp,sv_P2,
399,tcp,sv_P2,
624,tcp,sv_P1,
597,tcp,sv_P4,
900,icmp,sv_P4,
666,icmp,sv_P5,
410,icmp,email,
362,icmp,sv_P4,
658,udp,sv_P1,
136,icmp,sv_P5,
807,icmp,sv_P4,
706,tcp,sv_P2,
115,tcp,sv_P2,
207,udp,sv_P3,
887,icmp,sv_P2,
494,udp,sv_P5,
630,icmp,sv_P2,
85,icmp,email,
818,udp,sv_P5,
513,udp,sv_P5,
799,icmp,sv_P4,
217,udp,sv_P2,
254,udp,email,
397,udp,sv_P5,
182,udp,sv_P1,
212,tcp,sv_P1,
541,udp,email,
315,udp,sv_P3,
336,icmp,sv_P3,
669,icmp,sv_P3,
321,icmp,sv_P1,
155,udp,email,
398,tcp,sv_P5,
956,tcp,sv_P3,
545,icmp,sv_P2,
918,tcp,email,
774,tcp,sv_P4,
300,tcp,sv_P2,
562,icmp,sv_P1,
700,tcp,sv_P5,
843,tcp,sv_P4,
78,icmp,email,
62,tcp,sv_P4,
615,tcp,email,
93,icmp,sv_P3,
817,udp,email,
550,icmp,sv_P4,
882,udp,sv_P3,
384,icmp,sv_P5,
248,udp,email,
834,udp,sv_P3,
295,udp,sv_P2,
686,tcp,sv_P1,
334,udp,sv_P1,
696,icmp,sv_P1,
841,tcp,sv_P4,
895,icmp,sv_P4,
79,tcp,email,
757,udp,email,
459,icmp,sv_P2,
27,icmp,sv_P2,
49,tcp,email,
302,udp,sv_P2,
516,tcp,sv_P3,
668,udp,sv_P2,
546,udp,sv_P3,
771,udp,sv_P5,
237,icmp,sv_P3,
645,icmp,sv_P2,
722,tcp,sv_P2,
569,udp,sv_P5,
501,udp,sv_P5,
396,udp,sv_P5,
252,icmp,sv_P2,
776,icmp,sv_P1,
176,udp,sv_P4,
745,udp,sv_P2,
185,tcp,sv_P2,
541,tcp,sv_P4,
175,icmp,email,
980,udp,sv_P1,
287,icmp,email,
512,icmp,sv_P3,
991,tcp,email,
954,udp,sv_P5,
157,udp,sv_P1,
477,udp,sv_P1,
987,tcp,sv_P1,
350,icmp,sv_P4,
886,udp,sv_P2,
76,icmp,sv_P4,
574,icmp,sv_P5,
98,tcp,sv_P1,
600,udp,sv_P5,
200,tcp,sv_P2,
460,tcp,sv_P1,
735,icmp,sv_P4,
948,icmp,sv_P4,
527,udp,sv_P3,
354,tcp,sv_P5,
258,icmp,sv_P3,
547,udp,sv_P4,
790,udp,sv_P3,
129,icmp,sv_P3,
399,udp,sv_P3,
717,udp,sv_P2,
59,udp,email,
973,tcp,sv_P5,
655,icmp,sv_P3,
325,udp,sv_P2,
620,udp,email,
558,icmp,sv_P1,
73,udp,sv_P2,
858,udp,sv_P1,
1024,udp,sv_P1,
798,icmp,sv_P5,
824,tcp,sv_P1,
823,tcp,sv_P1,
767,icmp,email,
373,udp,sv_P2,
288,icmp,sv_P1,
819,tcp,sv_P3,
241,udp,sv_P2,
938,udp,sv_P3,
941,icmp,sv_P3,
937,icmp,sv_P3,
742,icmp,sv_P5,
891,udp,sv_P1,
784,udp,sv_P4,
828,udp,sv_P1,
201,udp,sv_P3,
478,icmp,sv_P1,
346,icmp,sv_P1,
583,icmp,sv_P2,
604,udp,sv_P3,
578,udp,sv_P5,
681,tcp,sv_P5,
801,udp,sv_P5,
159,tcp,sv_P5,
710,tcp,sv_P5,
650,icmp,sv_P2,
35,icmp,sv_P3,
748,icmp,sv_P3,
590,icmp,sv_P3,
280,icmp,sv_P1,
965,udp,sv_P1,
532,udp,sv_P3,
764,tcp,sv_P5,
783,icmp,sv_P4,
328,udp,sv_P1,
301,tcp,sv_P3,
118,tcp,sv_P4,
136,udp,sv_P3,
558,tcp,sv_P4,
885,udp,sv_P4,
390,tcp,sv_P1,
831,icmp,sv_P5,
331,tcp,sv_P1,
665,tcp,sv_P3,
322,tcp,sv_P5,
514,udp,sv_P2,
392,icmp,email,
607,tcp,sv_P2,
674,udp,sv_P1,
497,udp,sv_P2,
637,udp,sv_P5,
620,icmp,sv_P4,
402,tcp,sv_P1,
75,tcp,email,
846,tcp,sv_P2,
436,tcp,sv_P3,
768,tcp,email,
394,tcp,email,
884,udp,sv_P2,
579,udp,email,
276,udp,sv_P3,
458,udp,sv_P5,
33,udp,sv_P1,
840,udp,sv_P5,
957,tcp,sv_P4,
347,udp,sv_P5,
386,udp,sv_P3,
564,udp,email,
376,tcp,sv_P3,
605,icmp,sv_P3,
401,udp,sv_P4,
1023,icmp,sv_P2,
496,udp,sv_P3,
438,icmp,sv_P4,
688,tcp,sv_P3,
462,tcp,sv_P2,
964,icmp,sv_P1,
833,udp,email,
872,udp,sv_P5,
488,udp,sv_P3,
848,tcp,sv_P1,
591,tcp,sv_P4,
778,tcp,email,
505,icmp,sv_P1,
550,udp,sv_P2,
236,tcp,sv_P2,
842,tcp,sv_P3,
914,icmp,sv_P3,
101,udp,sv_P4,
639,tcp,sv_P5,
734,icmp,sv_P2,
509,udp,sv_P5,
31,udp,email,
768,icmp,sv_P5,
806,udp,sv_P2,
257,udp,sv_P5,
228,icmp,sv_P1,
351,tcp,sv_P1,
110,udp,sv_P4,
439,icmp,sv_P5,
778,udp,sv_P3,
889,tcp,sv_P1,
130,udp,sv_P1,
493,tcp,sv_P1,
702,udp,sv_P5,
323,icmp,sv_P3,
989,tcp,sv_P4,
57,udp,sv_P1,
668,tcp,sv_P5,
97,icmp,sv_P2,
705,icmp,sv_P5,
171,tcp,email,
693,icmp,sv_P2,
828,tcp,email,
107,tcp,sv_P1,
261,tcp,sv_P5,
457,icmp,sv_P5,
456,tcp,sv_P1,
603,icmp,sv_P4,
519,icmp,sv_P2,
579,icmp,sv_P4,
103,tcp,email,
803,tcp,sv_P4,
951,tcp,sv_P1,
370,tcp,sv_P3,
726,udp,sv_P2,
715,icmp,sv_P3,
170,tcp,sv_P5,
230,tcp,sv_P1,
532,tcp,sv_P4,
801,icmp,sv_P1,
410,udp,email,
514,tcp,sv_P2,
777,udp,sv_P1,
818,tcp,sv_P3,
37,tcp,sv_P5,
734,udp,sv_P2,
102,udp,sv_P1,
738,udp,sv_P2,
144,icmp,sv_P2,
273,udp,sv_P3,
684,tcp,sv_P4,
135,tcp,sv_P2,
691,udp,sv_P4,
357,udp,sv_P2,
96,tcp,sv_P3,
850,icmp,sv_P3,
958,icmp,sv_P5,
239,icmp,sv_P5,
86,icmp,sv_P2,
635,tcp,email,
883,udp,email,
854,tcp,sv_P4,
255,icmp,sv_P5,
743,tcp,sv_P5,
419,icmp,sv_P4,
809,icmp,sv_P2,
763,icmp,sv_P3,
733,icmp,sv_P4,
690,tcp,sv_P3,
108,udp,sv_P3,
189,tcp,sv_P4,
133,udp,sv_P5,
358,udp,sv_P2,
598,icmp,sv_P4,
981,icmp,sv_P5,
138,udp,sv_P5,
735,udp,sv_P2,
594,icmp,sv_P2,
993,icmp,sv_P2,
405,tcp,sv_P1,
725,udp,sv_P2,
731,udp,sv_P3,
172,udp,email,
304,icmp,sv_P5,
854,icmp,email,
932,tcp,sv_P2,
611,icmp,sv_P2,
276,tcp,sv_P2,
422,icmp,email,
137,tcp,email,
543,udp,sv_P5,
614,tcp,sv_P2,
615,icmp,sv_P1,
755,udp,sv_P4,
573,udp,sv_P2,
957,udp,sv_P1,
680,icmp,sv_P1,
437,icmp,sv_P3,
264,icmp,sv_P1,
936,udp,sv_P5,
355,udp,sv_P2,
442,icmp,sv_P2,
580,icmp,sv_P5,
798,tcp,sv_P2,
1013,udp,sv_P4,
76,tcp,email,
596,tcp,sv_P5,
174,udp,sv_P2,
950,tcp,sv_P1,
41,udp,sv_P5,
537,tcp,sv_P3,
914,tcp,sv_P5,
374,icmp,sv_P1,
395,tcp,sv_P3,
211,tcp,sv_P5,
982,icmp,sv_P3,
320,udp,sv_P3,
264,tcp,sv_P5,
139,udp,sv_P2,
485,icmp,sv_P5,
611,tcp,sv_P2,
931,udp,sv_P3,
802,udp,sv_P1,
967,udp,email,
741,udp,sv_P3,
611,udp,sv_P1,
742,tcp,sv_P3,
865,icmp,sv_P2,
514,icmp,sv_P4,
169,udp,sv_P1,
357,icmp,sv_P3,
221,tcp,sv_P2,
168,tcp,sv_P2,
657,tcp,email,
787,tcp,sv_P4,
894,icmp,sv_P1,
775,icmp,sv_P1,
764,udp,sv_P5,
835,icmp,sv_P4,
580,udp,sv_P4,
114,udp,sv_P3,
921,tcp,sv_P2,
84,udp,sv_P4,
302,tcp,sv_P1,
239,udp,sv_P2,
758,tcp,sv_P3,
121,udp,sv_P5,
375,tcp,sv_P3,
809,udp,sv_P3,
526,icmp,email,
923,udp,sv_P5,
316,tcp,email,
282,udp,sv_P5,
955,icmp,sv_P3,
29,icmp,sv_P2,
133,icmp,sv_P2,
447,udp,sv_P2,
701,icmp,sv_P1,
473,icmp,sv_P4,
280,udp,sv_P5,
677,udp,sv_P3,
958,udp,sv_P1,
609,icmp,email,
783,tcp,sv_P1,
153,icmp,sv_P3,
849,udp,sv_P2,
60,icmp,sv_P1,
894,udp,sv_P2,
620,tcp,email,
585,icmp,sv_P4,
837,tcp,sv_P4,
877,icmp,sv_P2,
1004,udp,sv_P5,
633,tcp,sv_P4,
266,icmp,sv_P4,
155,icmp,sv_P4,
301,icmp,sv_P1,
653,icmp,sv_P2,
698,tcp,sv_P5,
998,udp,email,
72,icmp,email,
997,icmp,email,
540,udp,sv_P4,
182,tcp,sv_P4,
867,tcp,sv_P1,
506,icmp,sv_P3,
438,udp,email,
1010,tcp,sv_P2,
298,tcp,sv_P3,
442,udp,sv_P2,
289,tcp,email,
899,icmp,sv_P3,
505,tcp,sv_P5,
37,udp,sv_P5,
762,icmp,sv_P4,
166,icmp,sv_P4,
660,icmp,sv_P3,
422,tcp,sv_P3,
862,udp,sv_P3,
952,udp,sv_P1,
445,udp,sv_P4,
535,udp,sv_P2,
884,tcp,sv_P1,
936,tcp,sv_P3,
610,icmp,sv_P2,
349,udp,email,
837,udp,sv_P2,
856,udp,email,
415,udp,email,
38,tcp,sv_P3,
505,udp,sv_P3,
861,udp,sv_P4,
238,icmp,email,
446,tcp,sv_P1,
836,icmp,sv_P3,
308,udp,sv_P3,
923,icmp,sv_P3,
120,tcp,email,
472,udp,sv_P3,
29,tcp,email,
306,udp,sv_P5,
100,icmp,sv_P5,
939,icmp,sv_P3,
452,tcp,sv_P2,
64,tcp,sv_P4,
229,udp,sv_P2,
489,udp,email,
435,tcp,sv_P3,
1015,udp,sv_P1,
433,udp,sv_P1,
109,icmp,sv_P1,
104,icmp,sv_P2,
370,icmp,sv_P5,
751,icmp,sv_P4,
942,icmp,sv_P5,
261,udp,sv_P3,
935,icmp,sv_P2,
387,icmp,sv_P3,
977,icmp,sv_P3,
949,udp,email,
665,udp,sv_P4,
50,icmp,sv_P3,
942,udp,sv_P4,
99,icmp,sv_P4,
691,icmp,sv_P2,
533,udp,sv_P4,
414,udp,sv_P1,
377,udp,sv_P3,
482,udp,sv_P2,
485,tcp,email,
520,tcp,email,
190,icmp,email,
984,udp,sv_P5,
561,udp,sv_P3,
271,tcp,sv_P1,
105,tcp,email,
701,udp,sv_P3,
248,icmp,sv_P2,
206,tcp,sv_P3,
871,icmp,sv_P1,
616,udp,sv_P2,
829,icmp,sv_P5,
151,icmp,email,
904,udp,sv_P2,
848,udp,email,
721,tcp,sv_P4,
453,icmp,sv_P2,
242,udp,sv_P2,
520,udp,sv_P1,
52,udp,sv_P2,
815,icmp,sv_P3,
175,tcp,email,
443,udp,email,
246,icmp,sv_P2,
114,icmp,sv_P2,
973,udp,email,
378,tcp,sv_P3,
870,icmp,sv_P3,
193,icmp,sv_P1,
726,icmp,sv_P1,
970,icmp,sv_P1,
559,tcp,sv_P5,
499,udp,sv_P2,
259,udp,sv_P1,
342,tcp,sv_P2,
427,tcp,email,
1024,tcp,sv_P5,
299,icmp,sv_P3,
824,udp,sv_P3,
350,tcp,sv_P3,
748,udp,sv_P4,
913,udp,sv_P2,
168,udp,sv_P4,
959,udp,email,
597,udp,sv_P4,
980,tcp,sv_P5,
566,icmp,email,
663,icmp,sv_P2,
802,icmp,email,
631,icmp,sv_P2,
926,udp,sv_P5,
211,icmp,sv_P3,
180,tcp,sv_P5,
1012,icmp,sv_P5,
462,icmp,sv_P1,
672,tcp,sv_P1,
873,tcp,sv_P5,
353,tcp,email,
109,tcp,sv_P5,
108,tcp,sv_P4,
154,icmp,sv_P5,
26,udp,sv_P5,
603,udp,sv_P1,
702,tcp,sv_P3,
721,icmp,email,
282,tcp,sv_P1,
222,tcp,email,
132,udp,sv_P1,
274,udp,sv_P2,
479,tcp,sv_P4,
999,icmp,sv_P5,
435,icmp,sv_P5,
659,udp,sv_P4,
855,icmp,email,
830,icmp,email,
529,tcp,sv_P3,
730,icmp,sv_P2,
589,udp,sv_P2,
545,udp,sv_P1,
446,icmp,sv_P2,
986,tcp,sv_P4,
395,udp,email,
126,tcp,email,
284,tcp,sv_P1,
792,icmp,email,
229,tcp,sv_P5,
738,icmp,sv_P2,
388,udp,sv_P1,
257,tcp,sv_P2,
290,icmp,email,
604,tcp,sv_P2,
66,udp,sv_P4,
804,icmp,sv_P1,
421,udp,sv_P1,
43,udp,sv_P3,
476,icmp,sv_P1,
76,udp,sv_P4,
346,udp,sv_P2,
972,tcp,sv_P5,
739,icmp,sv_P1,
198,tcp,sv_P1,
425,tcp,sv_P3,
394,icmp,sv_P1,
241,icmp,email,
884,icmp,sv_P1,
336,udp,sv_P1,
469,udp,sv_P4,
196,icmp,sv_P1,
270,udp,sv_P3,
162,udp,sv_P3,
617,icmp,sv_P1,
215,tcp,sv_P4,
235,icmp,sv_P1,
420,udp,sv_P5,
658,icmp,sv_P5,
442,tcp,sv_P3,
720,icmp,sv_P1,
495,icmp,sv_P3,
581,icmp,sv_P4,
341,tcp,sv_P2,
372,udp,sv_P3,
586,icmp,email,
904,icmp,sv_P1,
1003,udp,sv_P1,
358,tcp,sv_P4,
823,icmp,sv_P4,
188,icmp,sv_P1,
39,udp,sv_P1,
362,udp,sv_P3,
307,icmp,sv_P5,
573,tcp,email,
208,icmp,sv_P5,
710,icmp,sv_P1,
124,udp,sv_P2,
1002,icmp,sv_P1,
224,tcp,email,
61,tcp,sv_P4,
1000,tcp,sv_P5,
709,udp,sv_P5,
470,udp,email,
228,tcp,sv_P2,
832,tcp,sv_P4,
263,icmp,sv_P4,
579,tcp,sv_P1,
146,icmp,sv_P2,
205,udp,sv_P3,
297,icmp,sv_P4,
231,udp,sv_P4,
144,tcp,sv_P4,
479,icmp,sv_P3,
191,udp,sv_P1,
154,udp,email,
140,tcp,sv_P3,
399,icmp,sv_P3,
778,icmp,sv_P3,
171,udp,email,
869,udp,sv_P4,
337,tcp,sv_P4,
491,udp,sv_P2,
788,tcp,sv_P4,
729,icmp,email,
234,icmp,sv_P2,
367,tcp,sv_P4,
835,udp,sv_P4,
308,icmp,sv_P4,
712,tcp,sv_P4,
740,udp,sv_P5,
921,icmp,email,
142,tcp,email,
275,udp,sv_P2,
813,icmp,sv_P5,
697,icmp,sv_P2,
978,icmp,sv_P3,
241,tcp,sv_P2,
735,tcp,sv_P2,
268,udp,sv_P2,
327,icmp,sv_P5,
150,icmp,sv_P1,
384,tcp,sv_P3,
177,udp,sv_P4,
242,tcp,sv_P2,
1019,icmp,sv_P3,
262,tcp,sv_P1,
524,udp,sv_P1,
475,tcp,sv_P5,
157,icmp,sv_P1,
710,udp,email,
208,tcp,email,
412,tcp,sv_P5,
478,tcp,sv_P3,
225,tcp,email,
178,udp,sv_P2,
62,icmp,email,
470,tcp,sv_P4,
969,icmp,sv_P2,
911,tcp,email,
383,udp,sv_P3,
368,tcp,email,
42,udp,sv_P1,
808,icmp,email,
581,tcp,email,
692,tcp,sv_P2,
898,tcp,sv_P4,
646,tcp,sv_P4,
449,icmp,sv_P3,
955,udp,sv_P5,
83,tcp,sv_P1,
292,udp,sv_P5,
406,tcp,sv_P5,
946,icmp,sv_P3,
533,tcp,sv_P3,
588,udp,sv_P1,
149,udp,sv_P1,
699,tcp,sv_P1,
578,icmp,email,
220,icmp,sv_P2,
100,tcp,sv_P1,
492,tcp,email,
456,icmp,sv_P1,
38,icmp,sv_P2,
888,icmp,sv_P3,
892,tcp,sv_P2,
288,udp,sv_P5,
321,udp,sv_P2,
853,tcp,sv_P5,
48,tcp,sv_P1,
709,tcp,sv_P2,
350,udp,email,
549,udp,sv_P1,
979,icmp,sv_P2,
268,icmp,sv_P3,
731,icmp,sv_P3,
418,tcp,sv_P3,
199,icmp,sv_P5,
758,icmp,sv_P5,
28,tcp,sv_P5,
88,udp,sv_P4,
536,icmp,sv_P1,
404,tcp,sv_P1,
491,icmp,sv_P1,
150,udp,sv_P5,
880,udp,sv_P5,
928,icmp,sv_P4,
731,tcp,email,
416,udp,sv_P4,
1004,tcp,email,
852,tcp,sv_P4,
613,tcp,sv_P2,
461,udp,sv_P3,
779,tcp,email,
520,icmp,sv_P3,
366,tcp,sv_P3,
122,udp,email,
35,udp,sv_P3,
165,udp,sv_P2,
575,icmp,email,
398,icmp,sv_P4,
43,tcp,sv_P2,
914,udp,sv_P3,
326,tcp,sv_P1,
326,icmp,sv_P5,
871,tcp,email,
806,icmp,sv_P3,
813,tcp,sv_P4,
422,udp,sv_P4,
913,tcp,sv_P1,
772,udp,sv_P4,
294,icmp,sv_P4,
974,udp,sv_P5,
67,icmp,sv_P3,
572,udp,sv_P5,
641,udp,sv_P4,
552,icmp,email,
527,icmp,sv_P1,
618,icmp,sv_P1,
423,icmp,sv_P3,
231,tcp,sv_P1,
1003,tcp,sv_P3,
486,tcp,sv_P1,
229,icmp,sv_P5,
880,tcp,sv_P4,
988,tcp,sv_P5,
463,icmp,sv_P3,
251,udp,sv_P2,
897,tcp,email,
277,tcp,sv_P2,
899,tcp,sv_P3,
533,icmp,sv_P1,
622,icmp,sv_P3,
719,icmp,sv_P5,
300,udp,sv_P5,
429,icmp,email,
186,icmp,sv_P1,
144,udp,sv_P3,
912,udp,sv_P4,
393,icmp,sv_P4,
296,icmp,sv_P4,
138,tcp,sv_P1,
941,udp,sv_P1,
347,icmp,sv_P5,
882,icmp,email,
136,tcp,sv_P2,
192,udp,sv_P2,
481,tcp,sv_P1,
864,icmp,sv_P3,
224,icmp,email,
503,icmp,sv_P1,
724,udp,sv_P2,
714,tcp,sv_P4,
24,icmp,sv_P5,
908,udp,sv_P4,
74,udp,sv_P4,
828,icmp,sv_P1,
1020,icmp,sv_P3,
698,udp,email,
705,tcp,sv_P5,
91,tcp,email,
688,udp,sv_P5,
431,icmp,sv_P1,
816,icmp,email,
327,udp,sv_P1,
65,tcp,sv_P3,
147,udp,email,
452,icmp,sv_P5,
318,tcp,sv_P1,
223,icmp,sv_P5,
773,udp,sv_P2,
604,icmp,sv_P4,
26,icmp,sv_P2,
346,tcp,sv_P3,
637,tcp,sv_P5,
191,icmp,sv_P3,
507,icmp,sv_P2,
331,udp,sv_P4,
129,udp,email,
712,udp,sv_P5,
634,tcp,sv_P4,
401,tcp,sv_P4,
99,tcp,sv_P1,
496,tcp,sv_P2,
145,icmp,sv_P4,
617,udp,sv_P3,
482,icmp,sv_P4,
73,icmp,email,
429,udp,sv_P4,
985,tcp,sv_P3,
762,udp,sv_P4,
146,udp,sv_P4,
1005,udp,sv_P2,
693,tcp,sv_P4,
1017,udp,sv_P4,
453,tcp,email,
285,udp,email,
585,tcp,sv_P5,
865,tcp,sv_P1,
473,udp,email,
806,tcp,sv_P3,
704,udp,sv_P2,
204,tcp,email,
792,udp,email,
919,icmp,sv_P2,
282,icmp,sv_P3,
316,icmp,email,
217,tcp,sv_P5,
870,tcp,sv_P4,
218,udp,sv_P1,
703,udp,email,
463,udp,sv_P4,
782,tcp,sv_P2,
515,icmp,email,
506,udp,sv_P3,
969,tcp,sv_P4,
651,tcp,sv_P4,
189,udp,email,
919,tcp,email,
813,udp,sv_P4,
896,icmp,sv_P4,
810,tcp,sv_P3,
890,tcp,sv_P4,
919,udp,sv_P4,
1011,tcp,sv_P1,
278,tcp,sv_P5,
872,tcp,sv_P5,
868,tcp,email,
484,tcp,sv_P5,
751,tcp,email,
667,icmp,sv_P3,
677,tcp,sv_P5,
58,icmp,sv_P5,
868,icmp,sv_P2,
542,icmp,sv_P3,
892,udp,sv_P1,
110,tcp,sv_P5,
657,icmp,sv_P5,
257,icmp,sv_P1,
502,icmp,sv_P3,
130,icmp,sv_P4,
351,udp,sv_P4,
128,icmp,sv_P4,
283,tcp,sv_P4,
170,udp,sv_P1,
827,icmp,sv_P4,
774,udp,sv_P3,
979,tcp,sv_P2,
156,udp,sv_P4,
468,tcp,sv_P5,
647,udp,sv_P5,
1024,icmp,sv_P1,
586,tcp,sv_P3,
291,icmp,sv_P1,
618,udp,sv_P3,
1021,udp,sv_P2,
279,tcp,sv_P3,
59,icmp,sv_P5,
775,udp,sv_P1,
932,icmp,sv_P3,
92,udp,sv_P1,
559,udp,sv_P1,
185,icmp,sv_P5,
649,icmp,sv_P5,
1009,tcp,sv_P1,
618,tcp,sv_P3,
465,icmp,sv_P1,
149,tcp,sv_P1,
240,icmp,sv_P4,
630,udp,sv_P2,
671,icmp,sv_P5,
591,icmp,sv_P1,
461,tcp,sv_P5,
566,tcp,sv_P3,
183,icmp,sv_P5,
328,tcp,sv_P1,
385,udp,sv_P2,
86,tcp,email,
445,icmp,sv_P1,
374,tcp,sv_P5,
565,tcp,sv_P5,
803,udp,sv_P4,
437,tcp,sv_P2,
510,tcp,sv_P3,
690,udp,sv_P5,
317,icmp,sv_P2,
260,udp,sv_P4,
385,tcp,email,
29,udp,sv_P4,
23,tcp,sv_P3,
1013,icmp,sv_P4,
141,icmp,sv_P5,
464,icmp,sv_P2,
832,udp,sv_P1,
846,icmp,email,
976,tcp,email,
430,icmp,sv_P4,
707,icmp,sv_P5,
671,tcp,sv_P5,
823,udp,sv_P3,
336,tcp,email,
512,tcp,sv_P3,
521,udp,sv_P2,
728,tcp,sv_P3,
417,tcp,sv_P4,
119,tcp,sv_P1,
380,udp,sv_P2,
608,icmp,sv_P1,
467,tcp,sv_P4,
761,udp,sv_P4,
85,tcp,sv_P2,
279,udp,sv_P2,
458,icmp,sv_P2,
413,icmp,sv_P5,
866,icmp,sv_P2,
930,udp,email,
53,udp,sv_P4,
609,tcp,sv_P4,
56,icmp,sv_P3,
815,tcp,sv_P2,
977,tcp,sv_P4,
666,tcp,sv_P3,
492,udp,sv_P4,
292,tcp,sv_P2,
98,icmp,sv_P5,
949,icmp,email,
46,udp,sv_P4,
984,icmp,sv_P3,
101,tcp,sv_P3,
800,udp,sv_P4,
158,tcp,sv_P3,
24,tcp,sv_P5,
856,icmp,sv_P3,
729,tcp,sv_P3,
77,icmp,sv_P3,
386,tcp,sv_P4,
973,icmp,sv_P5,
945,tcp,sv_P3,
968,tcp,sv_P1,
1010,icmp,sv_P2,
118,udp,sv_P2,
448,udp,sv_P1,
878,udp,sv_P1,
948,tcp,sv_P1,
703,tcp,sv_P3,
805,tcp,sv_P1,
582,icmp,sv_P5,
940,tcp,sv_P4,
440,icmp,sv_P3,
695,tcp,sv_P5,
362,tcp,sv_P5,
687,udp,sv_P4,
638,icmp,sv_P3,
595,tcp,sv_P3,
870,udp,email,
436,icmp,sv_P3,
1022,tcp,sv_P3,
888,udp,sv_P1,
376,udp,email,
312,tcp,sv_P1,
319,udp,sv_P1,
614,icmp,email,
892,icmp,sv_P4,
464,tcp,email,
91,udp,sv_P3,
210,udp,sv_P5,
434,icmp,email,
102,tcp,email,
669,udp,sv_P1,
253,tcp,sv_P2,
397,icmp,sv_P4,
606,tcp,sv_P2,
235,tcp,email,
577,udp,email,
87,icmp,sv_P4,
293,udp,sv_P2,
586,udp,sv_P1,
883,tcp,sv_P1,
335,tcp,email,
660,udp,sv_P2,
647,icmp,sv_P5,
61,udp,email,
804,tcp,sv_P5,
458,tcp,sv_P4,
560,tcp,sv_P2,
452,udp,sv_P5,
1009,icmp,sv_P5,
432,icmp,sv_P5,
485,udp,sv_P2,
938,icmp,sv_P3,
332,udp,sv_P2,
876,tcp,email,
899,udp,sv_P2,
902,tcp,sv_P3,
592,udp,sv_P1,
1023,tcp,sv_P4,
805,icmp,sv_P5,
607,icmp,sv_P1,
348,icmp,email,
759,tcp,sv_P5,
546,tcp,sv_P2,
161,tcp,sv_P4,
77,tcp,email,
522,tcp,sv_P4,
226,tcp,email,
307,udp,sv_P5,
349,tcp,sv_P4,
753,udp,sv_P5,
990,tcp,sv_P1,
381,udp,email,
588,icmp,sv_P3,
969,udp,sv_P4,
821,udp,sv_P4,
732,tcp,sv_P4,
202,icmp,sv_P5,
521,tcp,sv_P5,
629,udp,sv_P3,
811,udp,sv_P1,
143,icmp,sv_P1,
353,udp,email,
683,tcp,sv_P2,
201,tcp,sv_P4,
529,icmp,sv_P5,
601,udp,sv_P3,
392,udp,sv_P3,
360,tcp,sv_P3,
836,tcp,sv_P2,
886,icmp,sv_P2,
69,icmp,sv_P3,
938,tcp,sv_P2,
426,tcp,sv_P4,
637,icmp,sv_P4,
860,icmp,email,
787,udp,sv_P1,
737,tcp,sv_P2,
926,icmp,sv_P5,
934,icmp,sv_P1,
308,tcp,sv_P1,
981,tcp,sv_P1,
527,tcp,sv_P1,
784,tcp,sv_P4,
213,udp,sv_P1,
352,udp,sv_P3,
117,icmp,email,
551,tcp,sv_P2,
634,icmp,sv_P3,
664,icmp,sv_P3,
140,icmp,sv_P4,
338,tcp,sv_P5,
857,tcp,email,
465,tcp,sv_P1,
898,icmp,sv_P1,
766,icmp,sv_P2,
195,udp,email,
867,udp,sv_P1,
693,udp,sv_P4,
182,icmp,sv_P2,
546,icmp,sv_P1,
195,icmp,sv_P5,
424,icmp,sv_P3,
875,udp,sv_P5,
553,tcp,sv_P1,
287,tcp,sv_P2,
621,icmp,sv_P5,
842,icmp,email,
365,icmp,sv_P5,
690,icmp,sv_P5,
896,udp,sv_P4,
126,icmp,sv_P5,
340,icmp,sv_P5,
56,udp,sv_P4,
237,udp,sv_P5,
483,tcp,email,
104,tcp,email,
811,tcp,sv_P4,
543,tcp,sv_P3,
741,tcp,sv_P4,
508,icmp,email,
493,udp,sv_P3,
792,tcp,email,
495,tcp,sv_P4,
151,udp,sv_P5,
27,tcp,sv_P2,
158,icmp,sv_P3,
940,icmp,sv_P5,
944,tcp,sv_P3,
71,icmp,sv_P3,
142,icmp,sv_P5,
860,udp,sv_P1,
854,udp,sv_P5,
548,tcp,sv_P5,
739,tcp,sv_P1,
184,tcp,sv_P5,
752,icmp,email,
475,udp,sv_P2,
256,icmp,sv_P1,
780,udp,sv_P3,
112,tcp,sv_P2,
857,icmp,email,
875,icmp,email,
175,udp,email,
183,tcp,sv_P2,
820,udp,sv_P2,
928,tcp,sv_P3,
903,udp,sv_P1,
553,icmp,sv_P3,
201,icmp,sv_P5,
108,icmp,sv_P4,
786,icmp,sv_P2,
220,tcp,sv_P1,
694,icmp,sv_P3,
704,icmp,sv_P3,
842,udp,email,
396,tcp,sv_P1,
997,udp,email,
272,icmp,email,
383,tcp,sv_P5,
329,icmp,sv_P3,
931,tcp,sv_P2,
567,udp,sv_P4,
169,icmp,sv_P5,
966,icmp,email,
963,udp,sv_P4,
636,icmp,email,
419,udp,sv_P2,
746,icmp,sv_P1,
962,icmp,sv_P3,
798,udp,sv_P1,
226,udp,email,
661,udp,email,
371,icmp,sv_P2,
624,udp,sv_P3,
44,tcp,sv_P5,
359,udp,sv_P4,
831,tcp,sv_P2,
1006,udp,sv_P5,
219,tcp,sv_P2,
945,icmp,sv_P4,
179,icmp,sv_P5,
591,udp,sv_P1,
159,icmp,sv_P3,
759,udp,sv_P2,
297,tcp,sv_P3,
826,udp,sv_P3,
990,icmp,sv_P3,
833,icmp,sv_P5,
882,tcp,sv_P5,
587,tcp,sv_P3,
802,tcp,email,
421,tcp,sv_P3,
388,icmp,sv_P5,
518,udp,sv_P3,
528,tcp,sv_P1,
502,tcp,sv_P1,
402,icmp,sv_P1,
1006,icmp,sv_P2,
516,icmp,email,
124,icmp,sv_P4,
208,udp,email,
752,udp,sv_P1,
381,tcp,sv_P4,
181,icmp,sv_P2,
768,udp,sv_P1,
111,tcp,sv_P4,
970,udp,sv_P2,
161,icmp,sv_P1,
612,tcp,sv_P3,
803,icmp,email,
326,udp,sv_P4,
789,tcp,sv_P3,
479,udp,sv_P4,
534,udp,sv_P4,
915,udp,sv_P5,
316,udp,sv_P4,
672,icmp,sv_P5,
75,icmp,sv_P5,
89,tcp,sv_P4,
594,tcp,sv_P3,
650,tcp,sv_P5,
499,icmp,sv_P2,
117,tcp,sv_P4,
364,icmp,sv_P2,
450,udp,sv_P2,
454,tcp,sv_P4,
160,udp,sv_P5,
654,icmp,sv_P5,
289,udp,sv_P2,
115,icmp,sv_P3,
74,icmp,sv_P1,
407,icmp,sv_P1,
369,tcp,sv_P2,
920,tcp,sv_P4,
209,tcp,sv_P4,
523,icmp,sv_P3,
293,tcp,sv_P5,
497,tcp,sv_P3,
123,udp,sv_P2,
581,udp,sv_P1,
41,tcp,sv_P4,
718,tcp,email,
673,udp,sv_P3,
74,tcp,email,
146,tcp,sv_P4,
46,icmp,sv_P3,
415,tcp,sv_P4,
698,icmp,sv_P5,
459,tcp,sv_P2,
920,icmp,sv_P1,
252,tcp,email,
213,icmp,sv_P5,
712,icmp,sv_P5,
128,udp,sv_P3,
640,icmp,sv_P5,
507,udp,sv_P1,
427,icmp,sv_P2,
906,icmp,sv_P4,
673,icmp,sv_P1,
66,tcp,sv_P2,
145,tcp,sv_P3,
947,tcp,sv_P3,
20,icmp,sv_P4,
423,udp,sv_P4,
964,udp,sv_P1,
1003,icmp,sv_P1,
992,udp,sv_P4,
173,udp,sv_P3,
711,icmp,sv_P5,
510,udp,sv_P3,
772,tcp,sv_P5,
501,icmp,sv_P2,
717,icmp,sv_P3,
753,tcp,sv_P2,
808,udp,sv_P4,
420,icmp,sv_P5,
281,icmp,sv_P1,
877,tcp,sv_P4,
81,udp,sv_P1,
523,udp,sv_P3,
596,icmp,sv_P5,
688,icmp,email,
786,tcp,sv_P1,
43,icmp,email,
301,udp,sv_P2,
893,udp,email,
73,tcp,sv_P2,
571,udp,sv_P2,
483,udp,sv_P2,
573,icmp,email,
403,tcp,sv_P2,
225,udp,sv_P1,
963,icmp,sv_P1,
563,tcp,sv_P4,
152,icmp,email,
428,udp,sv_P2,
606,icmp,sv_P1,
345,tcp,sv_P1,
184,icmp,email,
486,udp,email,
902,udp,sv_P3,
53,tcp,sv_P1,
978,tcp,sv_P2,
995,tcp,sv_P3,
461,icmp,sv_P1,
943,tcp,sv_P2,
998,icmp,sv_P1,
577,icmp,sv_P4,
148,tcp,sv_P2,
39,tcp,email,
311,icmp,sv_P1,
94,icmp,email,
564,icmp,sv_P4,
230,udp,email,
531,udp,sv_P4,
284,udp,sv_P4,
692,icmp,sv_P1,
478,udp,sv_P3,
46,tcp,sv_P2,
162,tcp,sv_P5,
447,icmp,sv_P4,
242,icmp,sv_P4,
407,tcp,email,
696,tcp,email,
325,tcp,sv_P1,
528,icmp,sv_P2,
205,icmp,sv_P4,
754,icmp,sv_P2,
424,tcp,sv_P2,
782,icmp,sv_P3,
598,udp,sv_P5,
925,udp,sv_P4,
664,udp,sv_P3,
30,tcp,sv_P5,
187,icmp,sv_P4,
920,udp,sv_P2,
450,icmp,sv_P2,
281,tcp,sv_P5,
756,icmp,sv_P1,
64,udp,sv_P4,
166,tcp,sv_P2,
819,icmp,sv_P3,
366,udp,sv_P1,
120,icmp,sv_P4,
123,tcp,sv_P2,
302,icmp,sv_P3,
935,udp,sv_P4,
387,udp,email,
317,udp,sv_P2,
217,icmp,sv_P3,
562,udp,sv_P5,
249,icmp,sv_P4,
120,udp,sv_P4,
718,udp,email,
548,icmp,sv_P3,
936,icmp,sv_P4,
962,udp,sv_P1,
777,tcp,sv_P1,
127,udp,email,
250,udp,sv_P1,
640,tcp,sv_P5,
691,tcp,sv_P5,
963,tcp,sv_P5,
180,icmp,email,
25,tcp,sv_P4,
859,icmp,sv_P5,
471,udp,sv_P4,
890,udp,email,
967,icmp,sv_P2,
484,udp,sv_P3,
851,tcp,sv_P2,
68,udp,email,
351,icmp,sv_P5,
549,icmp,sv_P1,
866,tcp,sv_P3,
889,icmp,email,
107,udp,sv_P4,
895,tcp,sv_P4,
277,icmp,sv_P5,
474,tcp,email,
151,tcp,sv_P3,
805,udp,sv_P4,
907,udp,email,
530,udp,sv_P1,
621,udp,sv_P3,
659,tcp,sv_P4,
80,icmp,sv_P3,
941,tcp,email,
84,icmp,sv_P4,
113,icmp,sv_P2,
556,tcp,sv_P4,
311,udp,sv_P2,
331,icmp,email,
979,udp,sv_P1,
566,udp,sv_P2,
793,icmp,sv_P1,
56,tcp,sv_P1,
448,icmp,sv_P1,
1019,udp,sv_P1,
541,icmp,sv_P1,
535,tcp,sv_P5,
375,udp,sv_P4,
629,tcp,sv_P4,
974,icmp,sv_P3,
40,icmp,sv_P1,
831,udp,sv_P5,
975,tcp,sv_P5,
808,tcp,sv_P4,
114,tcp,sv_P5,
720,udp,sv_P4,
796,tcp,email,
104,udp,sv_P1,
509,icmp,email,
626,tcp,sv_P5,
323,udp,sv_P3,
32,tcp,sv_P5,
545,tcp,sv_P4,
31,tcp,sv_P3,
314,udp,sv_P3,
627,tcp,sv_P4,
960,tcp,sv_P4,
283,icmp,sv_P3,
869,icmp,email,
480,icmp,sv_P3,
594,udp,sv_P1,
427,udp,sv_P5,
106,tcp,sv_P2,
824,icmp,sv_P4,
499,tcp,sv_P5,
468,udp,sv_P2,
625,tcp,sv_P4,
61,icmp,sv_P3,
644,udp,sv_P2,
651,udp,sv_P3,
322,icmp,sv_P4,
163,icmp,sv_P2,
488,icmp,sv_P2,
473,tcp,sv_P1,
695,udp,sv_P2,
595,icmp,sv_P3,
534,tcp,sv_P5,
415,icmp,sv_P5,
471,icmp,sv_P2,
633,udp,sv_P3,
924,tcp,sv_P4,
795,icmp,email,
966,udp,sv_P3,
432,udp,sv_P1,
592,icmp,sv_P2,
881,tcp,sv_P2,
167,tcp,sv_P4,
887,udp,sv_P4,
727,udp,sv_P1,
451,tcp,sv_P1,
753,icmp,sv_P2,
147,icmp,sv_P1,
839,udp,email,
187,tcp,sv_P4,
184,udp,sv_P5,
371,tcp,sv_P4,
339,udp,sv_P3,
926,tcp,sv_P1,
47,icmp,sv_P5,
583,tcp,sv_P1,
746,udp,email,
126,udp,sv_P4,
676,udp,sv_P2,
199,tcp,email,
632,udp,sv_P1,
305,udp,email,
1000,icmp,sv_P4,
457,tcp,sv_P3,
908,tcp,email,
801,tcp,sv_P3,
66,icmp,sv_P2,
280,tcp,email,
557,tcp,sv_P1,
879,udp,email,
154,tcp,sv_P2,
774,icmp,sv_P2,
260,tcp,sv_P4,
983,udp,sv_P5,
263,tcp,sv_P5,
590,udp,sv_P1,
214,tcp,sv_P4,
955,tcp,sv_P2,
539,icmp,sv_P2,
951,icmp,sv_P4,
974,tcp,sv_P4,
476,tcp,sv_P1,
1018,icmp,sv_P2,
878,tcp,sv_P5,
168,icmp,sv_P1,
950,udp,sv_P4,
403,icmp,sv_P1,
235,udp,sv_P2,
496,icmp,sv_P4,
1020,udp,sv_P2,
360,icmp,sv_P2,
908,icmp,sv_P3,
1020,tcp,sv_P1,
500,udp,sv_P1,
227,udp,sv_P3,
606,udp,sv_P2,
471,tcp,sv_P3,
560,udp,sv_P3,
98,udp,sv_P1,
652,udp,sv_P2,
602,udp,email,
852,udp,sv_P2,
575,tcp,sv_P4,
323,tcp,sv_P3,
116,tcp,sv_P1,
494,tcp,sv_P1,
985,udp,email,
324,tcp,sv_P5,
210,icmp,sv_P5,
770,icmp,sv_P1,
344,icmp,email,
344,tcp,sv_P5,
956,udp,sv_P4,
387,tcp,sv_P5,
607,udp,email,
189,icmp,sv_P3,
490,udp,email,
667,tcp,email,
750,tcp,sv_P3,
439,udp,sv_P2,
306,tcp,sv_P4,
788,icmp,sv_P5,
360,udp,sv_P5,
605,tcp,sv_P5,
183,udp,sv_P2,
570,icmp,sv_P5,
681,icmp,sv_P2,
736,udp,sv_P4,
